fcm,RH,t0,Ac,u,T,Cs,sigma,t
28,40,7,75000,1000,20,32.5 R,10,14
28,40,7,75000,1000,20,32.5 R,-15,14
40,60,3,22500,600,20,32.5 N,12,56
42,70,28,17672,471,21,42.5 R,14,76
39,80,14,22500,600,22,52.5 N,18,180
50,90,4,17672,471,23,32.5 N,10,444
49.5,99,34,22500,600,24,42.5 R,22,56
52.2,60,5,17672,471,25,52.5 N,-16,160
54.9,70,7,22500,600,26,42.5 N,20,230
57.6,50,16,17672,471,27,32.5 N,25,280
60.3,50,20,22500,600,28,42.5 R,18,555
63,80,23,17672,471,29,52.5 N,30,460
65.7,60,9,22500,600,30,42.5 N,20,180
